code_ies,name_ies,initials,county,state,academic_organization,category,url,nameserver,has_dnssec,dnssec_is_valid,algorithm_name,has_https,forced_redirect_to_https,https_redirect_to_same_domain,https_protocol_version_name,https_certificate_valid,https_certificate_version,issuer,subject,https_algorithm_name,https_key_size,https_start_certificate_validate,https_certificate_expiration,https_errors
2613,Centro Universitário Estácio Meta de Rio Branco Estácio (UNIMETA),UNIMETA,Rio Branco,AC,Centro Universitário,Privada,www.fameta.edu.br,ns-1267.awsdns-30.org.,False,False,,False,False,False,,False,,,,,0,,,[]
2132,CENTRO UNIVERSITÁRIO UNINORTE,-,Rio Branco,AC,Centro Universitário,Privada,www.uninorteac.com.br,ns-1481.awsdns-57.org.,False,False,,True,True,False,TLSv1.2,True,v3,Go Daddy Secure Certificate Authority - G2,*.uninorteac.com.br,sha256,4096,2021-11-23 23:36:46,2022-10-22 20:52:23,[]
2343,Centro Universitário U:VERSE,-,Rio Branco,AC,Centro Universitário,Privada,www.uverse.com.vc,nsbz30.hostgator.com.br.,False,False,,True,False,False,TLSv1.3,True,v3,R3,*.uverse.com.vc,sha256,2048,2022-03-29 16:42:34,2022-06-27 16:42:33,[]
2072,FACULDADE DE DESENVOLVIMENTO SUSTENTÁVEL DE CRUZEIRO DO SUL (IEVAL),IEVAL,Cruzeiro do Sul,AC,Faculdade,Privada,http://reges.com.br/ieval/,ns49.hostgator.com.br.,False,False,,True,False,False,TLSv1.3,False,v3,R3,www.trilhadabahia.reges.com.br,sha256,2048,2022-04-01 13:53:32,2022-06-30 13:53:31,['COMMON_NAME_INVALID']
4836,FACULDADE DE EDUCAÇÃO ACRIANA EUCLIDES DA CUNHA (INEC),INEC,Rio Branco,AC,Faculdade,Privada,www.euclidesdacunha.edu.br,ns1.bdm.microsoftonline.com.,False,False,,True,False,False,TLSv1.3,True,v3,R3,euclidesdacunha.edu.br,sha256,4096,2022-05-02 06:21:39,2022-07-31 06:21:38,[]
3587,FACULDADE DIOCESANA SÃO JOSÉ (FADISI),FADISI,Rio Branco,AC,Faculdade,Privada,www.fadisi.com.br,ns1.locaweb.com.br.,False,False,,True,False,False,TLSv1.2,False,v3,AlphaSSL CA - SHA256 - G2,*.websiteseguro.com,sha256,2048,2022-03-22 15:43:48,2023-04-23 15:43:47,"['COMMON_NAME_INVALID', ""hostname 'www.fadisi.com.br' doesn't match either of '*.websiteseguro.com', 'websiteseguro.com'""]"
15507,"Instituto Federal de Educação, Ciência e Tecnologia do Acre (IFAC)",IFAC,Rio Branco,AC,"Instituto Federal de Educação, Ciência e Tecnologia",Publica,www.ifac.edu.br,curimata.ifac.edu.br.,False,False,,False,False,False,,False,,,,,0,,,[]
24547,ITPAC CRUZEIRO DO SUL (ITPAC - CZ),ITPAC - CZ,Cruzeiro do Sul,AC,Faculdade,Privada,https://cruzeirodosul.itpac.br,fiona.ns.cloudflare.com.,False,False,,True,False,False,TLSv1.3,False,v3,Cloudflare Inc ECC CA-3,sni.cloudflaressl.com,sha256,256,2022-02-26 00:00:00,2023-02-26 23:59:59,['COMMON_NAME_INVALID']
3675,Sinal Faculdade de Ciências Humanas e Sociais (SINAL),SINAL,Rio Branco,AC,Faculdade,Privada,www.sinalfaculdade.com.br,ns1.locaweb.com.br.,False,False,,True,False,False,TLSv1.2,False,v3,AlphaSSL CA - SHA256 - G2,*.criadorlw.com.br,sha256,2048,2021-07-14 21:48:50,2022-08-15 21:48:50,"['COMMON_NAME_INVALID', ""hostname 'www.sinalfaculdade.com.br' doesn't match either of '*.criadorlw.com.br', 'criadorlw.com.br'""]"
18650,UNAMA FACULDADE DA AMAZÔNIA DE RIO BRANCO (FMN RIO BRANCO),FMN RIO BRANCO,Rio Branco,AC,Faculdade,Privada,www.mauriciodenassau.edu.br,dns2.mauriciodenassau.edu.br.,False,False,,True,False,False,TLSv1.3,False,v3,RapidSSL TLS DV RSA Mixed SHA256 2020 CA-1,*.mauriciodenassau.edu.br,sha256,2048,2021-03-02 00:00:00,2022-03-02 23:59:59,"['CERTIFICATE_EXPIRED', 'certificate has expired']"
549,UNIVERSIDADE FEDERAL DO ACRE (UFAC),UFAC,Rio Branco,AC,Universidade,Publica,http://www.ufac.br,ns2.ufac.br.,False,False,,True,True,True,TLSv1.2,True,v3,R3,www.ufac.br,sha256,2048,2022-05-16 11:15:44,2022-08-14 11:15:43,[]
25624,CEDDU - CENTRO DE ENSINO SUPERIOR (CEDDU),CEDDU,Cacimbinhas,AL,Faculdade,Privada,www.ceddu.com.br,ns259.hostgator.com.br.,False,False,,True,False,False,TLSv1.3,True,v3,R3,*.ceddu.com.br,sha256,2048,2022-03-24 21:41:53,2022-06-22 21:41:52,[]
621,CENTRO UNIVERSITÁRIO CESMAC (CESMAC),CESMAC,Maceió,AL,Centro Universitário,Privada,www.cesmac.com.br,ns1.bdm.microsoftonline.com.,False,False,,False,False,False,,False,,,,,0,,,[]
1965,Centro Universitário Mario Pontes Jucá (UMJ),UMJ,Maceió,AL,Centro Universitário,Privada,www.umj.edu.br,ns4.nameservers8.com.,False,False,,True,False,False,TLSv1.3,True,v3,R3,umj.edu.br,sha256,2048,2022-04-08 12:52:17,2022-07-07 12:52:16,[]
1504,CENTRO UNIVERSITÁRIO MAURÍCIO DE NASSAU DE MACEIÓ (UNINASSAUMACEI?),UNINASSAUMACEI?,Maceió,AL,Centro Universitário,Privada,www.uninassau.edu.br,dns1.mauriciodenassau.edu.br.,False,False,,True,True,True,TLSv1.3,True,v3,DigiCert SHA2 Secure Server CA,*.uninassau.edu.br,sha256,256,2021-10-13 00:00:00,2022-10-13 23:59:59,[]
20494,Faculdade Autônoma do Brasil - Maceió (FBR Maceió),FBR Maceió,Maceió,AL,Faculdade,Privada,www.nossafaculdade.com.br,ns1.unifatec.com.br.,False,False,,True,True,True,TLSv1.3,True,v3,R3,*.nossafaculdade.com.br,sha256,2048,2022-04-08 14:43:21,2022-07-07 14:43:20,[]
17226,Faculdade Cesmac do Agreste (CESMAC Agreste),CESMAC Agreste,Arapiraca,AL,Faculdade,Privada,www.cesmac.com.br,ns1.bdm.microsoftonline.com.,False,False,,False,False,False,,False,,,,,0,,,[]
17224,Faculdade Cesmac do Sertão (CESMAC Sertão),CESMAC Sertão,Palmeira dos Índios,AL,Faculdade,Privada,www.cesmac.edu.br,ns1.bdm.microsoftonline.com.,False,False,,True,True,True,TLSv1.2,True,v3,GeoTrust RSA CA 2018,*.cesmac.edu.br,sha256,2048,2020-06-24 00:00:00,2022-07-22 12:00:00,[]
1051,FACULDADE DA SEUNE (SEUNE),SEUNE,Maceió,AL,Faculdade,Privada,www.seune.edu.br,nspro37.hostgator.com.br.,False,False,,True,False,False,TLSv1.3,True,v3,R3,*.seune.edu.br,sha256,2048,2022-04-21 23:14:58,2022-07-20 23:14:57,[]
13944,FACULDADE DE ADMINISTRAÇÃO E NEGÓCIOS (FAN),FAN,Maceió,AL,Faculdade,Privada,www.fan-edu.com.br,d.sec.dns.br.,False,False,,True,True,True,TLSv1.3,True,v3,R3,fan-edu.com.br,sha256,2048,2022-04-06 18:10:31,2022-07-05 18:10:30,[]
20099,"Faculdade de Direito, Ciências e Tecnologia Santa Maria Mada (FADICT)",FADICT,Maceió,AL,Faculdade,Privada,www.fadict.edu.br,dns2.padariaviapao.com.br.,False,False,,True,True,True,TLSv1.2,True,v3,R3,fadict.edu.br,sha256,2048,2022-04-24 02:48:45,2022-07-23 02:48:44,[]
4714,Faculdade de Ensino Regional Alternativa (FERA),FERA,Arapiraca,AL,Faculdade,Privada,www.fera-al.com.br,dns2.lumenws.com.br.,False,False,,True,True,True,TLSv1.3,True,v3,"cPanel, Inc. Certification Authority",fera-al.com.br,sha256,2048,2022-03-08 00:00:00,2022-06-06 23:59:59,[]
19951,FACULDADE DE GESTAO E NEGOCIOS DE MACEIO (FGN MACEIO),FGN MACEIO,Maceió,AL,Faculdade,Privada,www.fgn.edu.br,ns-1235.awsdns-26.org.,False,False,,True,True,True,TLSv1.2,False,v3,Go Daddy Secure Certificate Authority - G2,*.fgn.edu.br,sha256,2048,2020-10-22 16:42:51,2021-11-23 16:42:51,"['CERTIFICATE_EXPIRED', 'unable to get local issuer certificate']"
1637,FACULDADE DELMIRO GOUVEIA (FDG),FDG,Maceió,AL,Faculdade,Privada,https://www.famaalagoas.edu.br/,ns2.famaalagoas.edu.br.,False,False,,True,True,True,TLSv1.3,True,v3,R3,*.famaalagoas.edu.br,sha256,2048,2022-04-08 13:49:24,2022-07-07 13:49:23,[]
1298,Faculdade Estácio de Alagoas - Estácio FAL (ESTÁCIO FAL),ESTÁCIO FAL,Maceió,AL,Faculdade,Privada,www.estacio.br,ns-1478.awsdns-56.org.,False,False,,True,True,True,TLSv1.2,True,v3,Sectigo RSA Organization Validation Secure Server CA,*.estacio.br,sha256,2048,2022-03-29 00:00:00,2023-04-29 23:59:59,[]
2042,FACULDADE FIGUEIREDO COSTA - FIC,-,Maceió,AL,Faculdade,Privada,www.ficunifal.edu.br,ns1.locaweb.com.br.,False,False,,True,True,True,TLSv1.3,False,v3,R3,ahtoeducacao.com.br,sha256,4096,2022-04-19 02:16:35,2022-07-18 02:16:34,['COMMON_NAME_INVALID']
14429,FACULDADE PITÁGORAS DE MACEIÓ,-,Maceió,AL,Faculdade,Privada,www.faculdadepitagoras.com.br/maceio,ns1-08.azure-dns.com.,False,False,,False,False,False,,False,,,,,0,,,[]
5228,FACULDADE RAIMUNDO MARINHO (FRM),FRM,Maceió,AL,Faculdade,Privada,www.frm.edu.br,ns2.digitalocean.com.,False,False,,True,True,True,TLSv1.3,True,v3,R3,frm.edu.br,sha256,2048,2022-04-13 16:43:33,2022-07-12 16:43:32,[]
2156,FACULDADE SÃO TOMÁS DE AQUINO (FACESTA),FACESTA,Palmeira dos Índios,AL,Faculdade,Privada,www.facesta.com.br,dns1.lumenws.com.br.,False,False,,True,False,False,TLSv1.3,True,v3,"cPanel, Inc. Certification Authority",facesta.com.br,sha256,2048,2022-04-24 00:00:00,2022-07-23 23:59:59,[]
2642,FACULDADE SÃO VICENTE (FASVIPA),FASVIPA,Pão de Açúcar,AL,Faculdade,Privada,www.fasvipa.com.br,ns767.hostgator.com.br.,False,False,,True,False,False,TLSv1.3,True,v3,R3,fasvipa.com.br,sha256,2048,2022-03-24 09:53:38,2022-06-22 09:53:37,[]
18648,Faculdade Uninassau Arapiraca,-,Arapiraca,AL,Faculdade,Privada,www.mauriciodenassau.edu.br,dns3.mauriciodenassau.edu.br.,False,False,,True,False,False,TLSv1.3,False,v3,RapidSSL TLS DV RSA Mixed SHA256 2020 CA-1,*.mauriciodenassau.edu.br,sha256,2048,2021-03-02 00:00:00,2022-03-02 23:59:59,"['CERTIFICATE_EXPIRED', 'certificate has expired']"
1956,FACULDADE UNIRB - ALAGOAS (F. UNIRB),F. UNIRB,Maceió,AL,Faculdade,Privada,www.unirb.edu.br,dns6.kinghost.com.br.,False,False,,True,False,False,TLSv1.2,True,v3,R3,unirb.edu.br,sha256,2048,2022-04-18 17:06:22,2022-07-17 17:06:21,[]
3182,Faculdade UNIRB - ARAPIRACA (F. UNIRB),F. UNIRB,Arapiraca,AL,Faculdade,Privada,www.unirb.edu.br,dns1.kinghost.com.br.,False,False,,True,False,False,TLSv1.2,True,v3,R3,unirb.edu.br,sha256,2048,2022-04-18 17:06:22,2022-07-17 17:06:21,[]
22420,FACULDADE UNIRB - MACEIO (Faculdade Unirb),Faculdade Unirb,Maceió,AL,Faculdade,Privada,www.unirb.edu.br,dns2.kinghost.com.br.,False,False,,True,False,False,TLSv1.2,True,v3,R3,unirb.edu.br,sha256,2048,2022-04-18 17:06:22,2022-07-17 17:06:21,[]
3004,INSTITUTO DE ENSINO SUPERIOR SANTA CECÍLIA (IESC),IESC,Arapiraca,AL,Faculdade,Privada,www.isesc.edu.br,ns1.locaweb.com.br.,False,False,,True,False,False,TLSv1.2,False,v3,AlphaSSL CA - SHA256 - G2,*.locaweb.com.br,sha256,2048,2022-01-18 14:00:55,2023-02-19 14:00:55,"['COMMON_NAME_INVALID', ""hostname 'www.isesc.edu.br' doesn't match either of '*.locaweb.com.br', 'locaweb.com.br'""]"
3160,"INSTITUTO FEDERAL DE EDUCAÇÃO, CIÊNCIA E TECNOLOGIA DE ALAGOAS (IFAL)",IFAL,Maceió,AL,"Instituto Federal de Educação, Ciência e Tecnologia",Publica,www.ifal.edu.br,ns3.ifal.edu.br.,False,False,,True,True,True,TLSv1.3,True,v3,GlobalSign RSA OV SSL CA 2018,*.ifal.edu.br,sha256,4096,2020-07-08 13:51:33,2022-10-11 13:51:33,[]
5242,UNIVERSIDADE ESTADUAL DE ALAGOAS - UNEAL (UNEAL),UNEAL,Arapiraca,AL,Universidade,Publica,www.uneal.edu.br,ns1.itec.al.gov.br.,False,False,,False,False,False,,False,,,,,0,,,[]
32,UNIVERSIDADE ESTADUAL DE CIÊNCIAS DA SAÚDE DE ALAGOAS - UNCISAL (UNCISAL),UNCISAL,Maceió,AL,Universidade,Publica,www.uncisal.edu.br,hand.uncisal.edu.br.,False,False,,False,False,False,,False,,,,,0,,,[]
577,UNIVERSIDADE FEDERAL DE ALAGOAS (UFAL),UFAL,Maceió,AL,Universidade,Publica,www.ufal.edu.br,ns1.ufal.edu.br.,False,False,,True,True,False,TLSv1.2,False,v3,GlobalSign RSA OV SSL CA 2018,*.ufal.br,sha256,4096,2020-07-09 17:21:22,2022-07-10 17:21:22,"['COMMON_NAME_INVALID', ""hostname 'www.ufal.edu.br' doesn't match either of '*.ufal.br', 'ufal.br'""]"
2147,Centro Universitário CEUNI - FAMETRO (FAMETRO),FAMETRO,Manaus,AM,Centro Universitário,Privada,www.fametro.edu.br,ns2.fametro.edu.br.,False,False,,True,True,True,TLSv1.3,False,v3,R3,fametro.edu.br,sha256,4096,2022-03-25 08:40:58,2022-06-23 08:40:57,"[""hostname 'www.fametro.edu.br' doesn't match 'fametro.edu.br'""]"
668,CENTRO UNIVERSITÁRIO DE ENSINO SUPERIOR DO AMAZONAS (CIESA),CIESA,Manaus,AM,Centro Universitário,Privada,www.ciesa.br,dns2.kinghost.com.br.,False,False,,True,False,False,TLSv1.2,True,v3,R3,ciesa.br,sha256,2048,2022-05-10 02:07:43,2022-08-08 02:07:42,[]
1422,CENTRO UNIVERSITÁRIO DO NORTE (UNINORTE),UNINORTE,Manaus,AM,Centro Universitário,Privada,http://www.uninorte.com.br,ns3.uninorte.com.br.,False,False,,True,False,False,TLSv1.3,True,v3,DigiCert SHA2 Secure Server CA,*.uninorte.com.br,sha256,256,2021-11-30 00:00:00,2022-11-30 23:59:59,[]
452,CENTRO UNIVERSITÁRIO LUTERANO DE MANAUS (CEULM/ULBRA),CEULM/ULBRA,Manaus,AM,Centro Universitário,Privada,www.ulbra.br/manaus,dns2.ulbra.br.,False,False,,False,False,False,,False,,,,,0,,,[]
1436,ESCOLA SUPERIOR BATISTA DO AMAZONAS (ESBAM),ESBAM,Manaus,AM,Faculdade,Privada,www.esbam.edu.br,ns590.hostgator.com.br.,False,False,,True,False,False,TLSv1.3,True,v3,R3,esbam.edu.br,sha256,2048,2022-03-20 10:43:23,2022-06-18 10:43:22,[]
21592,FACULDADE AMAZONAS,-,Manacapuru,AM,Faculdade,Privada,http://www.faculdadeamazonas.com.br/,a.sec.dns.br.,False,False,,False,False,False,,False,,,,,0,,,[]
3397,"FACULDADE BOAS NOVAS DE CIÊNCIAS TEOLÓGICAS, SOCIAIS E BIOTECNOLÓGICAS (FBNCTSB)",FBNCTSB,Manaus,AM,Faculdade,Privada,www.fbnovas.edu.br,ns1.fbnovas.edu.br.,False,False,,True,True,True,TLSv1.3,False,v3,R3,*.faculdadeboasnovas.edu.br,sha256,2048,2022-04-03 05:55:38,2022-07-02 05:55:37,['COMMON_NAME_INVALID']
1592,FACULDADE DE ODONTOLOGIA DE MANAUS (FOM),FOM,Manaus,AM,Faculdade,Privada,www.fom.edu.br,,False,False,,False,False,False,,False,,,,,0,,,[]
15135,FACULDADE DE TECNOLOGIA SENAC AMAZONAS,-,Manaus,AM,Faculdade,Privada,www.am.senac.br/faculdade,ns1-01.azure-dns.com.,False,False,,False,False,False,,False,,,,,0,,,[]
1638,FACULDADE DO AMAZONAS (IAES),IAES,Manaus,AM,Faculdade,Privada,www.iaes.com.br,ns955.hostgator.com.br.,False,False,,True,False,False,TLSv1.3,False,v3,R3,iaes.edu.br,sha256,2048,2022-03-23 15:02:47,2022-06-21 15:02:46,['COMMON_NAME_INVALID']
22246,"Faculdade do Amazonas de Ensino, Pesquisa e Inovação (FAMEPI)",FAMEPI,Manaus,AM,Faculdade,Privada,http://fundacaomatiasmachline.org.br/,ns3.nameservers8.net.,False,False,,True,True,True,TLSv1.3,True,v3,Starfield Secure Certificate Authority - G2,fundacaomatiasmachline.org.br,sha256,2048,2022-04-17 08:07:54,2023-04-17 08:07:54,[]
4277,FACULDADE ESTÁCIO DO AMAZONAS - ESTÁCIO AMAZONAS (ESTÁCIO AMAZONAS),ESTÁCIO AMAZONAS,Manaus,AM,Faculdade,Privada,www.literatus.edu.br,ns1.literatus.edu.br.,False,False,,True,False,False,TLSv1.3,True,v3,"cPanel, Inc. Certification Authority",literatus.edu.br,sha256,2048,2022-04-08 00:00:00,2022-07-07 23:59:59,[]
2676,FACULDADE LA SALLE,-,Manaus,AM,Faculdade,Privada,www.lasalle.edu.br/faculdade/manaus,pampa.tche.br.,False,False,,False,False,False,,False,,,,,0,,,[]
1381,Faculdade Martha Falcão Wyden (FMF Wyden),FMF Wyden,Manaus,AM,Faculdade,Privada,https://www.wyden.com.br/fmf,ns-1457.awsdns-54.org.,False,False,,True,True,True,TLSv1.2,True,v3,Amazon,*.wyden.com.br,sha256,2048,2022-01-19 00:00:00,2023-02-17 23:59:59,[]
21819,FACULDADE REGIONAL DO AMAZONAS (FAM),FAM,Manaus,AM,Faculdade,Privada,www.fam-edu.com.br,ns2.farj-rj.com.,False,False,,True,True,True,TLSv1.2,False,v3,R3,webdisk.fam-edu.com.br,sha256,2048,2022-04-03 05:34:28,2022-07-02 05:34:27,['COMMON_NAME_INVALID']
2186,FACULDADE SALESIANA DOM BOSCO (FSDB),FSDB,Manaus,AM,Faculdade,Privada,http://www.fsdb.edu.br,ns15.wixdns.net.,False,False,,True,True,True,TLSv1.3,True,v3,Sectigo RSA Domain Validation Secure Server CA,fsdb.edu.br,sha256,2048,2022-05-04 00:00:00,2022-08-02 23:59:59,[]
18684,Faculdade Santa Teresa,-,Manaus,AM,Faculdade,Privada,http://www.faculdadesantateresa.edu.br/,ns360.hostgator.com.br.,False,False,,True,True,True,TLSv1.3,True,v3,R3,faculdadesantateresa.edu.br,sha256,4096,2022-03-24 10:52:46,2022-06-22 10:52:45,[]
20651,Faculdades IDAAM (IDAAM),IDAAM,Manaus,AM,Faculdade,Privada,www.idaam.edu.br,ns2.locaweb.com.br.,False,False,,True,False,False,TLSv1.2,True,v3,R3,idaam.edu.br,sha256,2048,2022-04-25 12:43:16,2022-07-24 12:43:15,[]
24211,Instituto Amazônico de Ensino Superior (IAMES),IAMES,Manaus,AM,Faculdade,Privada,www.iames.edu.br,ns1.dns-parking.com.,False,False,,True,True,True,TLSv1.3,True,v3,R3,iames.edu.br,sha256,4096,2022-05-07 16:55:06,2022-08-05 16:55:05,[]
2436,Instituto de Ensino Superior Brasileiro (ESB),ESB,Manaus,AM,Faculdade,Privada,esb.edu.br,ns1.mediatemple.net.,False,False,,True,True,True,TLSv1.2,True,v3,Starfield Secure Certificate Authority - G2,esb.edu.br,sha256,2048,2021-10-19 06:07:05,2022-10-19 06:07:05,[]
1049,INSTITUTO DE ENSINO SUPERIOR FUCAPI (CESF),CESF,Manaus,AM,Faculdade,Privada,www.fucapi.br,ns1.fucapi.br.,False,False,,True,False,False,,False,,,,,0,,,"[""[('SSL routines', '', 'internal error')]""]"
1906,INSTITUTO DE ENSINO SUPERIOR MATERDEI (IES-MATERDEI),IES-MATERDEI,Manaus,AM,Faculdade,Privada,www.iesmaterdei.com.br,ns857.hostgator.com.br.,False,False,,True,False,False,TLSv1.3,True,v3,R3,iesmaterdei.com.br,sha256,2048,2022-04-07 01:49:09,2022-07-06 01:49:08,[]
1812,"INSTITUTO FEDERAL DE EDUCAÇÃO, CIÊNCIA E TECNOLOGIA DO AMAZONAS (IFAM)",IFAM,Manaus,AM,"Instituto Federal de Educação, Ciência e Tecnologia",Publica,http://www2.ifam.edu.br/,mutum.ifam.edu.br.,False,False,,False,False,False,,False,,,,,0,,,[]
24548,ITPAC ITACOATIARA (ITPAC ITA),ITPAC ITA,Itacoatiara,AM,Faculdade,Privada,www.itacoatiara.afya.com.br,ns-1032.awsdns-01.org.,False,False,,False,False,False,,False,,,,,0,,,[]
24551,ITPAC MANACAPURU (ITPAC MANACA),ITPAC MANACA,Manacapuru,AM,Faculdade,Privada,www.itpacmanacapuru.afya.com.br,ns-1032.awsdns-01.org.,False,False,,False,False,False,,False,,,,,0,,,[]
3172,UNIVERSIDADE DO ESTADO DO AMAZONAS (UEA),UEA,Manaus,AM,Universidade,Publica,www.uea.edu.br,ns1.uea.edu.br.,False,False,,True,True,True,TLSv1.2,True,v3,GlobalSign RSA OV SSL CA 2018,*.uea.edu.br,sha256,4096,2020-07-08 15:16:49,2022-07-09 15:16:49,[]
4,UNIVERSIDADE FEDERAL DO AMAZONAS (UFAM),UFAM,Manaus,AM,Universidade,Publica,www.ufam.edu.br,uirapuru.ufam.edu.br.,False,False,,True,True,True,TLSv1.3,True,v3,R3,ufam.edu.br,sha256,4096,2022-04-02 04:21:02,2022-07-01 04:21:01,[]
669,UNIVERSIDADE NILTON LINS (UNINILTONLINS),UNINILTONLINS,Manaus,AM,Universidade,Privada,www.niltonlins.br,cortney.ns.cloudflare.com.,False,False,,True,False,False,TLSv1.3,False,v3,Sectigo RSA Domain Validation Secure Server CA,*.contabo.net,sha256,4096,2022-02-09 00:00:00,2023-02-17 23:59:59,"['COMMON_NAME_INVALID', ""hostname 'www.niltonlins.br' doesn't match either of '*.contabo.net', 'contabo.net'""]"
861,CENTRO DE ENSINO SUPERIOR DO AMAPÁ (CEAP),CEAP,Macapá,AP,Faculdade,Privada,www.ceap.br,d.sec.dns.br.,False,False,,True,True,True,TLSv1.3,True,v3,R3,www.ceap.br,sha256,2048,2022-05-08 08:45:18,2022-08-06 08:45:17,[]
3977,FACULDADE DE TECNOLOGIA DO AMAPÁ (META),META,Macapá,AP,Faculdade,Privada,www.meta.edu.br,meg.ns.cloudflare.com.,True,True,ECDSAP256SHA256,True,True,True,TLSv1.3,False,v3,Cloudflare Inc ECC CA-3,sni.cloudflaressl.com,sha256,256,2022-01-27 00:00:00,2023-01-27 23:59:59,['COMMON_NAME_INVALID']
2069,FACULDADE DE TEOLOGIA E CIÊNCIAS HUMANAS (FATECH),FATECH,Macapá,AP,Faculdade,Privada,faculdadefatech.com.br,ns124.hmservers.net.,False,False,,True,False,False,TLSv1.3,True,v3,R3,faculdadefatech.com.br,sha256,2048,2022-03-28 02:35:19,2022-06-26 02:35:18,[]
2380,Faculdade Estácio do Amapá - Estácio Amapá (ESTÁCIO AMAPÁ),ESTÁCIO AMAPÁ,Macapá,AP,Faculdade,Privada,www.estacio.br,ns-1478.awsdns-56.org.,False,False,,True,True,True,TLSv1.2,True,v3,Sectigo RSA Organization Validation Secure Server CA,*.estacio.br,sha256,2048,2022-03-29 00:00:00,2023-04-29 23:59:59,[]
1591,FACULDADE ESTÁCIO MACAPÁ - ESTÁCIO MACAPÁ (ESTÁCIO MACAPÁ),ESTÁCIO MACAPÁ,Macapá,AP,Faculdade,Privada,portal.estacio.br/unidades,ns-1478.awsdns-56.org.,False,False,,False,False,False,,False,,,,,0,,,[]
3769,FACULDADE MADRE TEREZA (FAMAT),FAMAT,Santana,AP,Faculdade,Privada,http://www.grupomadretereza.com.br,isla.ns.cloudflare.com.,False,False,,True,True,True,TLSv1.3,True,v3,E1,*.grupomadretereza.com.br,sha384,256,2022-04-07 05:46:56,2022-07-06 05:46:55,[]
1823,INSTITUTO DE ENSINO SUPERIOR DO AMAPÁ (IESAP),IESAP,Macapá,AP,Faculdade,Privada,www.iesap.edu.br,ns2442.dizinc.com.,False,False,,True,False,False,TLSv1.3,True,v3,"cPanel, Inc. Certification Authority",iesap.edu.br,sha256,2048,2022-03-13 00:00:00,2022-06-11 23:59:59,[]
15522,"INSTITUTO FEDERAL DE EDUCAÇÃO, CIÊNCIA E TECNOLOGIA DO AMAPÁ (IFAP)",IFAP,Macapá,AP,"Instituto Federal de Educação, Ciência e Tecnologia",Publica,www.ifap.edu.br,ns1.ifap.edu.br.,False,False,,True,True,True,TLSv1.3,True,v3,RNP ICPEdu OV SSL CA 2019,*.ifap.edu.br,sha256,2048,2022-01-13 16:01:08,2023-02-14 16:01:08,[]
2469,INSTITUTO MACAPAENSE DE ENSINO SUPERIOR (IMMES),IMMES,Macapá,AP,Faculdade,Privada,www.immes.com.br,ariella.ns.cloudflare.com.,False,False,,True,True,True,TLSv1.3,True,v3,E1,*.immes.com.br,sha384,256,2022-04-07 13:20:44,2022-07-06 13:20:43,[]
18672,Unama Faculdade da Amazônia de Macapá,-,Macapá,AP,Faculdade,Privada,www.mauriciodenassau.edu.br,dns1.mauriciodenassau.edu.br.,False,False,,True,False,False,TLSv1.3,False,v3,RapidSSL TLS DV RSA Mixed SHA256 2020 CA-1,*.mauriciodenassau.edu.br,sha256,2048,2021-03-02 00:00:00,2022-03-02 23:59:59,"['CERTIFICATE_EXPIRED', 'certificate has expired']"
5701,UNIVERSIDADE DO ESTADO DO AMAPÁ (UEAP),UEAP,Macapá,AP,Universidade,Publica,www.ueap.edu.br,ns2.ueap.edu.br.,False,False,,False,False,False,,False,,,,,0,,,[]
830,UNIVERSIDADE FEDERAL DO AMAPÁ (UNIFAP),UNIFAP,Macapá,AP,Universidade,Publica,www.unifap.br,server1.pop-ap.rnp.br.,False,False,,False,False,False,,False,,,,,0,,,[]
2771,CENTRO DE ENSINO SUPERIOR DE ILHÉUS (CESUPI),CESUPI,Ilhéus,BA,Faculdade,Privada,www.faculdadedeilheus.com.br,ns1.locaweb.com.br.,False,False,,True,True,True,TLSv1.2,True,v3,GeoTrust TLS DV RSA Mixed SHA256 2020 CA-1,www.faculdadedeilheus.com.br,sha256,2048,2022-02-01 00:00:00,2022-08-01 23:59:59,[]
1364,CENTRO UNIVERSIÁRIO UNIFTC,-,Vitória da Conquista,BA,Centro Universitário,Privada,www.ftc.br,ns2.ftc.br.,False,False,,True,True,True,TLSv1.3,True,v3,Thawte RSA CA 2018,*.ftc.br,sha256,2048,2021-06-15 00:00:00,2022-06-15 23:59:59,[]
1053,CENTRO UNIVERSIÁRIO UNIFTC DE FEIRA DE SANTANA,-,Feira de Santana,BA,Centro Universitário,Privada,www.ftc.br,ns1.ftc.br.,False,False,,True,True,True,TLSv1.3,True,v3,Thawte RSA CA 2018,*.ftc.br,sha256,2048,2021-06-15 00:00:00,2022-06-15 23:59:59,[]
1461,CENTRO UNIVERSIÁRIO UNIFTC SALVADOR,-,Salvador,BA,Centro Universitário,Privada,www.ftc.br,ns2.ftc.br.,False,False,,True,True,True,TLSv1.3,True,v3,Thawte RSA CA 2018,*.ftc.br,sha256,2048,2021-06-15 00:00:00,2022-06-15 23:59:59,[]
1640,CENTRO UNIVERSITÁRIO AGES (UniAGES),UniAGES,Paripiranga,BA,Centro Universitário,Privada,www.faculdadeages.com.br,aracaju.infonet.com.br.,False,False,,False,False,False,,False,,,,,0,,,[]
3921,CENTRO UNIVERSITÁRIO ARNALDO HORÁCIO FERREIRA,-,Luís Eduardo Magalhães,BA,Centro Universitário,Privada,www.faahf.edu.br,ns455.hostgator.com.br.,False,False,,True,False,False,,False,,,,,0,,,"[""[('SSL routines', '', 'sslv3 alert handshake failure')]""]"
2067,Centro Universitário de Ciências e Empreendedorismo (UNIFACEMP),UNIFACEMP,Santo Antônio de Jesus,BA,Centro Universitário,Privada,www.facemp.edu.br,ns958.hostgator.com.br.,False,False,,True,False,False,TLSv1.3,False,v3,R3,facemp.com.br,sha256,2048,2022-04-24 19:22:51,2022-07-23 19:22:50,['COMMON_NAME_INVALID']
2085,CENTRO UNIVERSITÁRIO DE SALVADOR (UNICEUSA),UNICEUSA,Salvador,BA,Centro Universitário,Privada,https://www.uniceusa.edu.br/,datcenter2.unip.br.,False,False,,True,True,True,TLSv1.2,True,v3,GeoTrust RSA CA 2018,*.uniceusa.edu.br,sha256,2048,2022-05-18 00:00:00,2023-05-18 23:59:59,[]
3588,CENTRO UNIVERSITÁRIO DOM PEDRO II (UNIDOMPEDRO),UNIDOMPEDRO,Salvador,BA,Centro Universitário,Privada,www.unidom.com.br,ns1.locaweb.com.br.,False,False,,True,False,False,TLSv1.2,False,v3,AlphaSSL CA - SHA256 - G2,*.locaweb.com.br,sha256,2048,2022-01-18 14:00:55,2023-02-19 14:00:55,"['COMMON_NAME_INVALID', ""hostname 'www.unidom.com.br' doesn't match either of '*.locaweb.com.br', 'locaweb.com.br'""]"
2222,Centro Universitário do Rio São Francisco Unirios (UNIRIOS),UNIRIOS,Paulo Afonso,BA,Centro Universitário,Privada,www.unirios.edu.br,dns6.kinghost.com.br.,False,False,,True,False,False,TLSv1.2,True,v3,R3,unirios.edu.br,sha256,2048,2022-05-05 02:05:08,2022-08-03 02:05:07,[]
1058,Centro Universitário Estácio da Bahia (Estácio Bahia),Estácio Bahia,Salvador,BA,Centro Universitário,Privada,www.estacio.br,ns-1478.awsdns-56.org.,False,False,,True,True,True,TLSv1.2,True,v3,Sectigo RSA Organization Validation Secure Server CA,*.estacio.br,sha256,2048,2022-03-29 00:00:00,2023-04-29 23:59:59,[]
1170,Centro Universitário FAMEC (UNIFAMEC),UNIFAMEC,Camaçari,BA,Centro Universitário,Privada,www.famec.edu.br,ns2.locaweb.com.br.,False,False,,True,False,False,TLSv1.2,False,v3,AlphaSSL CA - SHA256 - G2,*.websiteseguro.com,sha256,2048,2020-03-23 13:16:35,2021-03-24 13:16:35,"['CERTIFICATE_EXPIRED', 'COMMON_NAME_INVALID', 'certificate has expired']"
2023,Centro Universitário FG (UNIFG),UNIFG,Guanambi,BA,Centro Universitário,Privada,http://centrouniversitariounifg.edu.br/,ns-1293.awsdns-33.org.,False,False,,True,True,True,TLSv1.3,True,v3,Go Daddy Secure Certificate Authority - G2,*.centrouniversitariounifg.edu.br,sha256,2048,2021-10-22 07:17:13,2022-10-20 18:05:33,[]
1185,CENTRO UNIVERSITÁRIO JORGE AMADO (UNIJORGE),UNIJORGE,Salvador,BA,Centro Universitário,Privada,http://www.unijorge.edu.br,clayton.ns.cloudflare.com.,False,False,,True,True,True,TLSv1.3,False,v3,Cloudflare Inc ECC CA-3,sni.cloudflaressl.com,sha256,256,2021-12-12 00:00:00,2022-12-12 23:59:59,['COMMON_NAME_INVALID']
2474,CENTRO UNIVERSITÁRIO MARIA MILZA (UNIMAM),UNIMAM,Cruz das Almas,BA,Centro Universitário,Privada,www.famam.com.br,bethany.ns.cloudflare.com.,False,False,,True,True,True,TLSv1.3,False,v3,Cloudflare Inc ECC CA-3,sni.cloudflaressl.com,sha256,256,2022-04-23 00:00:00,2023-04-23 23:59:59,['COMMON_NAME_INVALID']
1055,Centro Universitário Maurício de Nassau de Salvador (Uninassau Salvador),Uninassau Salvador,Salvador,BA,Centro Universitário,Privada,www.uninassau.edu.br,dns2.mauriciodenassau.edu.br.,False,False,,True,True,True,TLSv1.3,True,v3,DigiCert SHA2 Secure Server CA,*.uninassau.edu.br,sha256,256,2021-10-13 00:00:00,2022-10-13 23:59:59,[]
1718,CENTRO UNIVERSITÁRIO NOBRE DE FEIRA DE SANTANA,-,Feira de Santana,BA,Centro Universitário,Privada,www.fan.com.br,ns2.gruponobre.edu.br.,False,False,,True,False,False,TLSv1.2,False,v3,R3,www.apps.gruponobre.edu.br,sha256,2048,2022-04-04 10:42:44,2022-07-03 10:42:43,['COMMON_NAME_INVALID']
396,Centro Universitário Ruy Barbosa Wyden (UniRuy Wyden),UniRuy Wyden,Salvador,BA,Centro Universitário,Privada,www.wyden.com.br/frb,ns-1457.awsdns-54.org.,False,False,,False,False,False,,False,,,,,0,,,[]
1227,CENTRO UNIVERSITÁRIO SÃO FRANCISCO DE BARREIRAS,-,Barreiras,BA,Centro Universitário,Privada,www.fasb.edu.br,dns2.sereducacional.com.,False,False,,False,False,False,,False,,,,,0,,,[]
3962,CENTRO UNIVERSITÁRIO SENAI CIMATEC (SENAI CIMATEC),SENAI CIMATEC,Salvador,BA,Centro Universitário,Privada,http://www.senaicimatec.com.br,fbp101-005.fieb.org.br.,False,False,,True,False,False,TLSv1.2,False,v3,ZeroSSL RSA Domain Secure Site CA,senaicimatec.com.br,sha384,2048,2022-04-19 00:00:00,2022-07-18 23:59:59,['[SSL: DH_KEY_TOO_SMALL] dh key too small (_ssl.c:997)']
1641,CENTRO UNIVERSITÁRIO SOCIAL DA BAHIA (UNISBA),UNISBA,Salvador,BA,Centro Universitário,Privada,www.unisba.edu.br,ns-1446.awsdns-52.org.,False,False,,False,False,False,,False,,,,,0,,,[]
2076,CENTRO UNIVERSITÁRIO UNIRB (UNIRB),UNIRB,Salvador,BA,Centro Universitário,Privada,www.unirb.edu.br,dns5.kinghost.com.br.,False,False,,True,False,False,TLSv1.2,True,v3,R3,unirb.edu.br,sha256,2048,2022-04-18 17:06:22,2022-07-17 17:06:21,[]
3864,Centro Universitário UNIRB - Alagoinhas,-,Alagoinhas,BA,Centro Universitário,Privada,www.unirb.edu.br,dns6.kinghost.com.br.,False,False,,True,False,False,TLSv1.2,True,v3,R3,unirb.edu.br,sha256,2048,2022-04-18 17:06:22,2022-07-17 17:06:21,[]
534,ESCOLA BAHIANA DE MEDICINA E SAÚDE PÚBLICA (EBMSP),EBMSP,Salvador,BA,Faculdade,Privada,www.bahiana.edu.br,ns5.compos.com.br.,False,False,,True,False,False,TLSv1.3,True,v3,RNP ICPEdu OV SSL CA 2019,*.bahiana.edu.br,sha256,2048,2022-03-18 16:36:07,2023-04-19 16:36:06,[]
21435,ESCOLA DE FORMAÇÃO COMPLEMENTAR DO EXÉRCITO (EsFCEx),EsFCEx,Salvador,BA,Instituição Especialmente Credenciada para oferta de cursos lato sensu,Publica,www.esfcex.ensino.eb.br,urca.eb.br.,False,False,,False,False,False,,False,,,,,0,,,[]
4531,FACULDADE ADVENTISTA DA BAHIA (FADBA),FADBA,Cachoeira,BA,Faculdade,Privada,www.adventista.edu.br,ns2.adventista.edu.br.,False,False,,True,True,True,TLSv1.3,False,v3,"cPanel, Inc. Certification Authority",fadba.edu.br,sha256,2048,2022-03-25 00:00:00,2022-06-23 23:59:59,['COMMON_NAME_INVALID']
22093,Faculdade AGES de Medicina (Faculdade AGES),Faculdade AGES,Jacobina,BA,Faculdade,Privada,https://www.faculdadeages.com.br/jacobina,aracaju.infonet.com.br.,False,False,,False,False,False,,False,,,,,0,,,[]
18296,Faculdade AGES de Tucano (Faculdade AGES),Faculdade AGES,Tucano,BA,Faculdade,Privada,https://www.faculdadeages.com.br/tucano/,aracaju.infonet.com.br.,False,False,,False,False,False,,False,,,,,0,,,[]
22443,Faculdade Alfredo Nasser de Casa Nova (FAN),FAN,Casa Nova,BA,Faculdade,Privada,www.faculdadealfredonasser.edu.br,ns1.colegioalfredonasser.com.br.,False,False,,True,False,False,TLSv1.2,False,v3,R3,servicosonline2.faculdadealfredonasser.edu.br,sha256,3072,2022-03-24 20:36:58,2022-06-22 20:36:57,"['COMMON_NAME_INVALID', ""hostname 'www.faculdadealfredonasser.edu.br' doesn't match 'servicosonline2.faculdadealfredonasser.edu.br'""]"
11862,FACULDADE ALFREDO NASSER DE REMANSO,-,Remanso,BA,Faculdade,Privada,www.unifan.edu.br,ns2.colegioalfredonasser.com.br.,False,False,,True,False,False,TLSv1.3,False,v3,R3,www.moodle.unifan.edu.br,sha256,2048,2022-04-04 01:40:53,2022-07-03 01:40:52,['COMMON_NAME_INVALID']
2944,FACULDADE ANHANGUERA DE ITABUNA,-,Itabuna,BA,Faculdade,Privada,www.facsul-ba.edu.br,ns1.locaweb.com.br.,False,False,,True,False,False,TLSv1.2,False,v3,AlphaSSL CA - SHA256 - G2,*.locaweb.com.br,sha256,2048,2022-01-18 14:00:55,2023-02-19 14:00:55,"['COMMON_NAME_INVALID', ""hostname 'www.facsul-ba.edu.br' doesn't match either of '*.locaweb.com.br', 'locaweb.com.br'""]"
1643,FACULDADE ANÍSIO TEIXEIRA DE FEIRA DE SANTANA (FAT),FAT,Feira de Santana,BA,Faculdade,Privada,www.fat.edu.br,emma.ns.cloudflare.com.,False,False,,True,True,True,TLSv1.3,False,v3,Cloudflare Inc ECC CA-3,sni.cloudflaressl.com,sha256,256,2021-07-11 00:00:00,2022-07-10 23:59:59,['COMMON_NAME_INVALID']
1410,Faculdade Área1 Wyden (Área1 Wyden),Área1 Wyden,Salvador,BA,Faculdade,Privada,www.area1.edu.br,ns-1398.awsdns-46.org.,False,False,,False,False,False,,False,,,,,0,,,[]
24471,FACULDADE ATENAS VALENÇA,-,Valença,BA,Faculdade,Privada,http://www.atenas.edu.br/site_atenas/,ns1.locaweb.com.br.,False,False,,False,False,False,,False,,,,,0,,,[]
21616,FACULDADE ATUALIZA (ATUALIZA),ATUALIZA,Salvador,BA,Faculdade,Privada,http://www.atualizacursos.com.br/,ns1.dns-parking.com.,False,False,,True,True,True,TLSv1.3,False,v3,Cloudflare Inc ECC CA-3,sni.cloudflaressl.com,sha256,256,2021-08-13 00:00:00,2022-08-12 23:59:59,['COMMON_NAME_INVALID']
3847,FACULDADE BAIANA DE DIREITO E GESTÃO,-,Salvador,BA,Faculdade,Privada,www.faculdadebaianadedireito.com.br,ns3.locaweb.com.br.,False,False,,True,False,False,TLSv1.3,True,v3,R3,faculdadebaianadedireito.com.br,sha256,2048,2022-05-12 16:47:26,2022-08-10 16:47:25,[]
20537,FACULDADE BAIANA DO SENHOR DO BONFIM (FABASB),FABASB,Senhor do Bonfim,BA,Faculdade,Privada,www.fabasb.edu.br,,False,False,,False,False,False,,False,,,,,0,,,[]
23159,FACULDADE BARÃO DE JEQUIRIÇA (FBJ DIGITAL),FBJ DIGITAL,Valença,BA,Faculdade,Privada,www.fbjdigital.com.br,ns3.locaweb.com.br.,False,False,,True,False,False,TLSv1.2,True,v3,R3,fbjdigital.com.br,sha256,2048,2022-05-10 08:01:37,2022-08-08 08:01:36,[]
1302,FACULDADE BATISTA BRASILEIRA (FBB),FBB,Salvador,BA,Faculdade,Privada,www.fbb.br,nspro96.hostgator.com.br.,False,False,,True,False,False,TLSv1.3,True,v3,R3,*.fbb.br,sha256,2048,2022-04-06 05:35:25,2022-07-05 05:35:24,[]
17896,FACULDADE BRASILEIRA DE TECNOLOGIA (FBT),FBT,Feira de Santana,BA,Faculdade,Privada,www.fbt.net.br,ns121.hostgator.com.br.,False,False,,True,False,False,TLSv1.3,False,v3,R3,*.homem.agr.br,sha256,2048,2022-03-23 08:35:19,2022-06-21 08:35:18,['COMMON_NAME_INVALID']
19284,FACULDADE BRASILEIRA DO RECÔNCAVO (FBBR),FBBR,Cruz das Almas,BA,Faculdade,Privada,www.fbbr.com.br,ernest.ns.cloudflare.com.,False,False,,True,True,True,TLSv1.3,True,v3,E1,*.fbbr.com.br,sha384,256,2022-03-27 21:23:40,2022-06-25 21:23:39,[]
1394,FACULDADE CASTRO ALVES (FCA),FCA,Salvador,BA,Faculdade,Privada,www.castroalves.br,ns120.hostgator.com.br.,False,False,,True,False,False,TLSv1.3,False,v3,R3,*.eneb.edu.br,sha256,2048,2022-03-23 08:35:16,2022-06-21 08:35:15,['COMMON_NAME_INVALID']
16918,FACULDADE CATÓLICA DE FEIRA DE SANTANA,-,Feira de Santana,BA,Faculdade,Privada,catolicadefeira.com.br,ns1.locaweb.com.br.,False,False,,True,True,True,TLSv1.2,True,v3,R3,catolicadefeira.com.br,sha256,2048,2022-04-08 21:45:20,2022-07-07 21:45:19,[]
10058,FACULDADE DA FRATERNIDADE DE VALENÇA (FFV),FFV,Valença,BA,Faculdade,Privada,www.ffv.edu.br,ns2.wixdns.net.,False,False,,True,True,True,TLSv1.3,True,v3,R3,ffv.edu.br,sha256,2048,2022-04-21 21:44:30,2022-07-20 21:44:29,[]
18636,Faculdade da Região Sisaleira (FARESI),FARESI,Conceição do Coité,BA,Faculdade,Privada,faresi.edu.br,ns556.hostgator.com.br.,False,False,,True,False,False,TLSv1.3,True,v3,R3,faresi.edu.br,sha256,2048,2022-03-30 10:18:50,2022-06-28 10:18:49,[]
152,FACULDADE DE CIÊNCIAS CONTÁBEIS (FACIC),FACIC,Salvador,BA,Faculdade,Privada,www.cairu.br,ns3.compos.com.br.,False,False,,True,True,True,TLSv1.2,True,v3,R3,cairu.br,sha256,2048,2022-04-22 08:05:36,2022-07-21 08:05:35,[]
3216,FACULDADE DE CIÊNCIAS DA BAHIA - FACIBA (FACIBA),FACIBA,Salvador,BA,Faculdade,Privada,www.faciba.com.br,ns81.domaincontrol.com.,False,False,,True,True,True,TLSv1.3,True,v3,R3,faciba.com.br,sha256,256,2022-04-06 11:20:40,2022-07-05 11:20:39,[]
2753,Faculdade de Ciências Educacionais de Capim Grosso (FCG),FCG,Capim Grosso,BA,Faculdade,Privada,www.faculdadecapimgrosso.com.br,ns1.netim.net.,False,False,,False,False,False,,False,,,,,0,,,[]
5473,FACULDADE DE CIÊNCIAS E TECNOLOGIA DA BAHIA (FACITE),FACITE,Santa Maria da Vitória,BA,Faculdade,Privada,www.facite-edu.com,ns2.farj-rj.com.,False,False,,True,True,True,TLSv1.2,False,v3,R3,webmail.facite-edu.com,sha256,2048,2022-04-03 05:34:23,2022-07-02 05:34:22,['COMMON_NAME_INVALID']
1572,FACULDADE DE CIÊNCIAS SOCIAIS APLICADAS (FACISA),FACISA,Itamaraju,BA,Faculdade,Privada,www.facisaba.com.br,ns2.dominios.uol.com.br.,False,False,,True,True,True,TLSv1.2,True,v3,RapidSSL TLS DV RSA Mixed SHA256 2020 CA-1,facisaba.com.br,sha256,2048,2021-10-09 00:00:00,2022-10-09 23:59:59,[]
22086,Faculdade de Educação Social da Bahia (FAESB),FAESB,Valença,BA,Faculdade,Privada,https://faculdadefaesb.com.br/,ns815.hostgator.com.br.,False,False,,True,False,False,TLSv1.3,False,v3,R3,brwiki.com.br,sha256,2048,2022-05-05 22:01:37,2022-08-03 22:01:36,['COMMON_NAME_INVALID']
2560,FACULDADE DE ENSINO SUPERIOR DA CIDADE DE FEIRA DE SANTANA (FAESF/UNEF),FAESF/UNEF,Feira de Santana,BA,Faculdade,Privada,www.unef.edu.br,ns2.gruponobre.edu.br.,False,False,,True,True,True,TLSv1.2,False,v3,R3,www.cmportaldasaude.gruponobre.edu.br,sha256,2048,2022-04-04 10:42:34,2022-07-03 10:42:33,['COMMON_NAME_INVALID']
14996,FACULDADE DE GESTAO E NEGOCIOS DE SALVADOR (FGN),FGN,Salvador,BA,Faculdade,Privada,www.unirb.edu.br,dns3.kinghost.com.br.,False,False,,True,False,False,TLSv1.2,True,v3,R3,unirb.edu.br,sha256,2048,2022-04-18 17:06:22,2022-07-17 17:06:21,[]
13782,FACULDADE DE SANTA CRUZ DA BAHIA (FSC),FSC,Itaberaba,BA,Faculdade,Privada,www.fsc.edu.br,alec.ns.cloudflare.com.,False,False,,True,False,False,TLSv1.3,False,v3,Cloudflare Inc ECC CA-3,sni.cloudflaressl.com,sha256,256,2021-07-04 00:00:00,2022-07-03 23:59:59,['COMMON_NAME_INVALID']
17498,FACULDADE DE SAÚDE SANTO AGOSTINHO DE VITÓRIA DA CONQUISTA (FASA),FASA,Vitória da Conquista,BA,Faculdade,Privada,https://vic.fasa.edu.br/,fiona.ns.cloudflare.com.,False,False,,True,True,True,TLSv1.3,True,v3,E1,*.fasa.edu.br,sha384,256,2022-03-25 23:38:07,2022-06-23 23:38:06,[]
20606,Faculdade de Tecnologia e Ciências (FTC Juazeiro),FTC Juazeiro,Juazeiro,BA,Faculdade,Privada,http://www.ftc.br/juazeiro/home/,ns1.ftc.br.,False,False,,True,True,True,TLSv1.3,True,v3,Thawte RSA CA 2018,*.ftc.br,sha256,2048,2021-06-15 00:00:00,2022-06-15 23:59:59,[]
12922,FACULDADE DE TECNOLOGIA E CIÊNCIAS DA BAHIA (FATEC/BA),FATEC/BA,Alagoinhas,BA,Faculdade,Privada,www.fatecba.edu.br,ns2.fatecba.edu.br.,False,False,,True,True,True,TLSv1.3,True,v3,R3,fatecba.edu.br,sha256,2048,2022-05-19 18:32:10,2022-08-17 18:32:09,[]
1642,FACULDADE DE TECNOLOGIA E CIÊNCIAS DE ITABUNA (FTC),FTC,Itabuna,BA,Faculdade,Privada,www.ftc.br,ns1.ftc.br.,False,False,,True,True,True,TLSv1.3,True,v3,Thawte RSA CA 2018,*.ftc.br,sha256,2048,2021-06-15 00:00:00,2022-06-15 23:59:59,[]
1645,FACULDADE DE TECNOLOGIA E CIÊNCIAS DE JEQUIÉ (FTC),FTC,Jequié,BA,Faculdade,Privada,www.ftc.br,ns2.ftc.br.,False,False,,True,True,True,TLSv1.3,True,v3,Thawte RSA CA 2018,*.ftc.br,sha256,2048,2021-06-15 00:00:00,2022-06-15 23:59:59,[]
2402,Faculdade de Tecnologia e Ciências de Salvador (FTC Salvador),FTC Salvador,Salvador,BA,Faculdade,Privada,http://portal.ftc.br/campuscomercio/,ns1.ftc.br.,False,False,,False,False,False,,False,,,,,0,,,[]
22787,FACULDADE DE TECNOLOGIA E CIÊNCIAS - FTC CAMAÇARI (FTC CAMAÇARI),FTC CAMAÇARI,Camaçari,BA,Faculdade,Privada,www.ftc.edu.br,ns1.ftc.edu.br.,False,False,,True,True,True,TLSv1.3,True,v3,Thawte RSA CA 2018,*.ftc.edu.br,sha256,2048,2021-06-16 00:00:00,2022-06-16 23:59:59,[]
1411,FACULDADE DOIS DE JULHO (F2J),F2J,Salvador,BA,Faculdade,Privada,f2j.edu.br/,noel.ns.cloudflare.com.,False,False,,False,False,False,,False,,,,,0,,,[]
3669,FACULDADE DOM LUIS DE ORLEANS E BRAGANÇA (FDL),FDL,Ribeira do Pombal,BA,Faculdade,Privada,www.unidom.com.br,ns2.locaweb.com.br.,False,False,,True,False,False,TLSv1.2,False,v3,AlphaSSL CA - SHA256 - G2,*.locaweb.com.br,sha256,2048,2022-01-18 14:00:55,2023-02-19 14:00:55,"['COMMON_NAME_INVALID', ""hostname 'www.unidom.com.br' doesn't match either of '*.locaweb.com.br', 'locaweb.com.br'""]"
4460,FACULDADE DOM PEDRO II DE TECNOLOGIA (FDP II Tec),FDP II Tec,Salvador,BA,Faculdade,Privada,www.unidom.com.br,ns1.locaweb.com.br.,False,False,,True,False,False,TLSv1.2,False,v3,AlphaSSL CA - SHA256 - G2,*.locaweb.com.br,sha256,2048,2022-01-18 14:00:55,2023-02-19 14:00:55,"['COMMON_NAME_INVALID', ""hostname 'www.unidom.com.br' doesn't match either of '*.locaweb.com.br', 'locaweb.com.br'""]"
20122,FACULDADE DOMUS SAPIENS (FDS),FDS,Juazeiro,BA,Faculdade,Privada,http://www.fds.edu.br/,ns1.hostinger.com.br.,False,False,,True,True,True,TLSv1.3,True,v3,R3,fds.edu.br,sha256,4096,2022-04-24 00:38:26,2022-07-23 00:38:25,[]
14975,FACULDADE DO NORDESTE DA BAHIA (FANEB),FANEB,Coronel João Sá,BA,Faculdade,Privada,www.faneb.com.br,ns2.resultadodafederal.com.br.,False,False,,True,True,True,TLSv1.3,True,v3,R3,faneb.com.br,sha256,2048,2022-04-07 15:47:54,2022-07-06 15:47:53,[]
11951,FACULDADE DO SERTÃO BAIANO (FASBE),FASBE,Monte Santo,BA,Faculdade,Privada,www.fasbms.com.br,dns4.webideal.com.br.,False,False,,True,True,True,TLSv1.2,True,v3,R3,fasbms.com.br,sha256,2048,2022-05-20 02:37:13,2022-08-18 02:37:12,[]
1790,FACULDADE DO SUL DA BAHIA (FASB),FASB,Teixeira de Freitas,BA,Faculdade,Privada,www.ffassis.edu.br,ns11.wixdns.net.,False,False,,True,True,True,TLSv1.3,True,v3,R3,ffassis.edu.br,sha256,2048,2022-05-01 09:11:00,2022-07-30 09:10:59,[]
21978,Faculdade Edufor de Salvador (EDUFOR),EDUFOR,Salvador,BA,Faculdade,Privada,https://fatecba.edu.br/salvador/,ns2.fatecba.edu.br.,False,False,,True,True,True,TLSv1.3,True,v3,R3,fatecba.edu.br,sha256,2048,2022-05-19 18:32:10,2022-08-17 18:32:09,[]
2500,FACULDADE EINSTEIN,-,Salvador,BA,Faculdade,Privada,www.facei.edu.br,ns126.hostgator.com.br.,False,False,,True,False,False,TLSv1.3,False,v3,R3,srilankabahia.com,sha256,2048,2022-05-16 17:47:28,2022-08-14 17:47:27,['COMMON_NAME_INVALID']
17876,FACULDADE ESPÍRITO SANTO (FAES),FAES,Eunápolis,BA,Faculdade,Privada,http://www.faes.edu.br/,nspro22.hostgator.com.br.,False,False,,True,False,False,TLSv1.3,True,v3,R3,faes.edu.br,sha256,2048,2022-05-08 18:31:34,2022-08-06 18:31:33,[]
22076,Faculdade Estácio de Alagoinhas,-,Alagoinhas,BA,Faculdade,Privada,www.estacio.br,ns-1478.awsdns-56.org.,False,False,,True,True,True,TLSv1.2,True,v3,Sectigo RSA Organization Validation Secure Server CA,*.estacio.br,sha256,2048,2022-03-29 00:00:00,2023-04-29 23:59:59,[]
13783,FACULDADE ESTÁCIO DE FEIRA DE SANTANA (ESTÁCIO FEIRA DE SAN),ESTÁCIO FEIRA DE SAN,Feira de Santana,BA,Faculdade,Privada,http://portal.estacio.br/,ns-1478.awsdns-56.org.,False,False,,True,True,True,TLSv1.2,True,v3,DigiCert TLS RSA SHA256 2020 CA1,*.estacio.br,sha256,2048,2022-05-14 00:00:00,2023-05-15 23:59:59,[]
2163,FACULDADE EUGÊNIO GOMES (FEG),FEG,Ipirá,BA,Faculdade,Privada,www.faculdadeeugeniogomes.com.br,,False,False,,False,False,False,,False,,,,,0,,,[]
1639,FACULDADE HÉLIO ROCHA (FHR),FHR,Salvador,BA,Faculdade,Privada,www.heliorocha.com.br,dns1.kinghost.com.br.,False,False,,True,False,False,,False,,,,,0,,,"[""(10054, 'WSAECONNRESET')""]"
1758,FACULDADE INDEPENDENTE DO NORDESTE (FAINOR),FAINOR,Vitória da Conquista,BA,Faculdade,Privada,www.fainor.com.br,ns-cloud-c3.googledomains.com.,False,False,,True,True,True,TLSv1.3,True,v3,R3,www.fainor.com.br,sha256,2048,2022-04-29 19:25:23,2022-07-28 19:25:22,[]
15504,FACULDADE IRECÊ (FAI),FAI,Irecê,BA,Faculdade,Privada,www.faifaculdade.com.br,ns1.centos-webpanel.com.,False,False,,True,False,False,TLSv1.2,True,v3,R3,www.faifaculdade.com.br,sha256,2048,2022-03-28 02:19:20,2022-06-26 02:19:19,[]
3230,FACULDADE LUIZ EDUARDO MAGALHÃES (FILEM),FILEM,Luís Eduardo Magalhães,BA,Faculdade,Privada,http://www.filem.edu.br,ns3.locaweb.com.br.,False,False,,True,False,False,TLSv1.2,False,v3,AlphaSSL CA - SHA256 - G2,*.locaweb.com.br,sha256,2048,2022-01-18 14:00:55,2023-02-19 14:00:55,"['COMMON_NAME_INVALID', ""hostname 'www.filem.edu.br' doesn't match either of '*.locaweb.com.br', 'locaweb.com.br'""]"
2427,FACULDADE LUSÓFONA DA BAHIA (FL-BA),FL-BA,Salvador,BA,Faculdade,Privada,https://faculdadelusofona.com.br,ns3313.icloudzinc.com.,False,False,,True,True,True,TLSv1.3,True,v3,R3,faculdadelusofona.com.br,sha256,2048,2022-04-01 22:04:40,2022-06-30 22:04:39,[]
3268,FACULDADE MADRE THAIS (FMT),FMT,Ilhéus,BA,Faculdade,Privada,www.faculdademadrethais.com.br,ns2.locaweb.com.br.,False,False,,True,False,False,TLSv1.2,False,v3,AlphaSSL CA - SHA256 - G2,*.locaweb.com.br,sha256,2048,2022-01-18 14:00:55,2023-02-19 14:00:55,"['COMMON_NAME_INVALID', ""hostname 'www.faculdademadrethais.com.br' doesn't match either of '*.locaweb.com.br', 'locaweb.com.br'""]"
19343,FACULDADE MAURÍCIO DE NASSAU DE ITABUNA (FMN DE ITABUNA),FMN DE ITABUNA,Itabuna,BA,Faculdade,Privada,www.mauriciodenassau.edu.br,dns3.mauriciodenassau.edu.br.,False,False,,True,False,False,TLSv1.3,False,v3,RapidSSL TLS DV RSA Mixed SHA256 2020 CA-1,*.mauriciodenassau.edu.br,sha256,2048,2021-03-02 00:00:00,2022-03-02 23:59:59,"['CERTIFICATE_EXPIRED', 'certificate has expired']"
3377,FACULDADE MONTESSORIANO DE SALVADOR (FAMA),FAMA,Salvador,BA,Faculdade,Privada,www.montessoriano.com.br/faculdade,ns547.hostgator.com.br.,False,False,,False,False,False,,False,,,,,0,,,[]
2140,FACULDADE NOSSA SENHORA DE LOURDES (FNSL),FNSL,Porto Seguro,BA,Faculdade,Privada,www.faculdadefnsl.com.br,,False,False,,False,False,False,,False,,,,,0,,,[]
1524,FACULDADE OLGA METTIG (FAMETTIG),FAMETTIG,Salvador,BA,Faculdade,Privada,faculdadeolgamettig.edu.br,greg.ns.cloudflare.com.,False,False,,True,False,False,TLSv1.3,False,v3,R3,pos-interior.faculdadeolgamettig.edu.br,sha256,2048,2022-04-02 14:24:41,2022-07-01 14:24:40,['COMMON_NAME_INVALID']
4538,FACULDADE PARQUE (FAP),FAP,Salvador,BA,Faculdade,Privada,www.faculdadeparque.com.br,,False,False,,False,False,False,,False,,,,,0,,,[]
19256,Faculdade Pitágoras de Brumado,-,Brumado,BA,Faculdade,Privada,www.faculdadepitagoras.com.br,ns1-08.azure-dns.com.,False,False,,True,True,True,TLSv1.2,True,v3,Amazon,faculdadepitagoras.com.br,sha256,2048,2021-08-31 00:00:00,2022-09-29 23:59:59,[]
19298,Faculdade Pitagoras de Eunapolis (FPE),FPE,Eunápolis,BA,Faculdade,Privada,www.faculdadepitagoras.com.br,ns1-08.azure-dns.com.,False,False,,True,True,True,TLSv1.2,True,v3,Amazon,faculdadepitagoras.com.br,sha256,2048,2021-08-31 00:00:00,2022-09-29 23:59:59,[]
20587,Faculdade Pitágoras de Irecê (FPI),FPI,Irecê,BA,Faculdade,Privada,www.faculdadepitagoras.com.br,ns1-08.azure-dns.com.,False,False,,True,True,True,TLSv1.2,True,v3,Amazon,faculdadepitagoras.com.br,sha256,2048,2021-08-31 00:00:00,2022-09-29 23:59:59,[]
19283,Faculdade Pitagoras de Jacobina,-,Jacobina,BA,Faculdade,Privada,www.faculdadepitagoras.com.br,ns1-08.azure-dns.com.,False,False,,True,True,True,TLSv1.2,True,v3,Amazon,faculdadepitagoras.com.br,sha256,2048,2021-08-31 00:00:00,2022-09-29 23:59:59,[]
19260,Faculdade Pitágoras de Jequié (FPJ),FPJ,Jequié,BA,Faculdade,Privada,www.faculdadepitágoras.com.br,,False,False,,False,False,False,,False,,,,,0,,,[]
19780,Faculdade Pitágoras Unopar de Guanambi (FPG),FPG,Guanambi,BA,Faculdade,Privada,www.faculdadepitagoras.com.br,ns1-08.azure-dns.com.,False,False,,True,True,True,TLSv1.2,True,v3,Amazon,faculdadepitagoras.com.br,sha256,2048,2021-08-31 00:00:00,2022-09-29 23:59:59,[]
4747,FACULDADE REGIONAL DE RIACHÃO DO JACUÍPE (FARJ),FARJ,Riachão do Jacuípe,BA,Faculdade,Privada,www.farj-rj.com,ns2.farj-rj.com.,False,False,,True,True,True,TLSv1.2,True,v3,R3,www.farj-rj.com,sha256,2048,2022-04-03 05:34:36,2022-07-02 05:34:35,[]
16225,Faculdade Regional do Jacuípe (FARJ),FARJ,Capim Grosso,BA,Faculdade,Privada,ww.farj-edu.com.br,ns2.farj-rj.com.,False,False,,False,False,False,,False,,,,,0,,,[]
25511,FACULDADE SANAR (SANAR),SANAR,Salvador,BA,Faculdade,Privada,www.faculdadesanar.com.br,ns-1149.awsdns-15.org.,False,False,,False,False,False,,False,,,,,0,,,[]
22763,FACULDADE SANTA CASA (FSC),FSC,Salvador,BA,Faculdade,Privada,faculdade.santacasaba.org.br,ns1.santacasaba.org.br.,False,False,,True,False,False,TLSv1.2,False,v3,FG6H0ETB19903805,*.santacasaba.org.br,sha256,2048,2020-01-23 00:00:00,2022-03-23 12:00:00,"['CERTIFICATE_EXPIRED', 'self signed certificate in certificate chain']"
1455,FACULDADE SANTÍSSIMO SACRAMENTO (FSSS),FSSS,Alagoinhas,BA,Faculdade,Privada,www.fsssacramento.br,cory.ns.cloudflare.com.,False,False,,True,False,False,TLSv1.3,True,v3,E1,*.fsssacramento.br,sha384,256,2022-05-08 12:10:32,2022-08-06 12:10:31,[]
1902,FACULDADE SANTO AGOSTINHO (FACSA),FACSA,Ipiaú,BA,Faculdade,Privada,www.facsa.com.br,ns773.hostgator.com.br.,False,False,,True,False,False,TLSv1.3,False,v3,R3,*.ibecbr.com.br,sha256,2048,2022-04-01 12:17:09,2022-06-30 12:17:08,['COMMON_NAME_INVALID']
22088,FACULDADE SANTO AGOSTINHO DE ITABUNA (FASAI),FASAI,Itabuna,BA,Faculdade,Privada,www.fasa.edu.br,fiona.ns.cloudflare.com.,False,False,,True,True,True,TLSv1.3,True,v3,E1,*.fasa.edu.br,sha384,256,2022-03-25 23:38:07,2022-06-23 23:38:06,[]
17433,FACULDADE SANTO AGOSTINHO DE VITÓRIA DA CONQUISTA (FASAVIC),FASAVIC,Vitória da Conquista,BA,Faculdade,Privada,https://vic.fasa.edu.br/,fiona.ns.cloudflare.com.,False,False,,True,True,True,TLSv1.3,True,v3,E1,*.fasa.edu.br,sha384,256,2022-03-25 23:38:07,2022-06-23 23:38:06,[]
3285,FACULDADE SANTO ANTONIO (FSA),FSA,Alagoinhas,BA,Faculdade,Privada,fsaa.edu.br,ns3.locaweb.com.br.,False,False,,True,True,True,TLSv1.2,True,v3,R3,fsaa.edu.br,sha256,2048,2022-05-21 19:05:00,2022-08-19 19:04:59,[]
18059,FACULDADE SANTO ANTONIO DE QUEIMADAS (FSAQ),FSAQ,Queimadas,BA,Faculdade,Privada,www.nossafaculdade.com.br,ns1.unifatec.com.br.,False,False,,True,True,True,TLSv1.3,True,v3,R3,*.nossafaculdade.com.br,sha256,2048,2022-04-08 14:43:21,2022-07-07 14:43:20,[]
3270,FACULDADE SÃO BENTO DA BAHIA (FSBB),FSBB,Salvador,BA,Faculdade,Privada,www.unidom.com.br,ns1.locaweb.com.br.,False,False,,True,False,False,TLSv1.2,False,v3,AlphaSSL CA - SHA256 - G2,*.locaweb.com.br,sha256,2048,2022-01-18 14:00:55,2023-02-19 14:00:55,"['COMMON_NAME_INVALID', ""hostname 'www.unidom.com.br' doesn't match either of '*.locaweb.com.br', 'locaweb.com.br'""]"
2581,FACULDADE SÃO SALVADOR (FSS),FSS,Salvador,BA,Faculdade,Privada,www.saosalvador.edu.br,ns1.locaweb.com.br.,False,False,,True,False,False,TLSv1.2,False,v3,AlphaSSL CA - SHA256 - G2,*.websiteseguro.com,sha256,2048,2022-03-22 15:43:48,2023-04-23 15:43:47,"['COMMON_NAME_INVALID', ""hostname 'www.saosalvador.edu.br' doesn't match either of '*.websiteseguro.com', 'websiteseguro.com'""]"
3774,FACULDADE SÃO TOMAZ DE AQUINO (FSTA),FSTA,Salvador,BA,Faculdade,Privada,www.saotomazdeaquino.edu.br,,False,False,,False,False,False,,False,,,,,0,,,[]
17758,Faculdades FAMEP Unidade Euclides da Cunha - BA (FAMEP),FAMEP,Euclides da Cunha,BA,Faculdade,Privada,www.famep.com.br,dns1.kinghost.com.br.,False,False,,True,False,False,TLSv1.2,True,v3,R3,famep.com.br,sha256,2048,2022-04-05 02:18:44,2022-07-04 02:18:43,[]
22521,FACULDADES FAMEP Unidade Irará - BA (FAMEP),FAMEP,Irará,BA,Faculdade,Privada,www.famep.com.br,dns1.kinghost.com.br.,False,False,,True,False,False,TLSv1.2,True,v3,R3,famep.com.br,sha256,2048,2022-04-05 02:18:44,2022-07-04 02:18:43,[]
2632,FACULDADES INTEGRADAS DO EXTREMO SUL DA BAHIA (UNESULBAHIA),UNESULBAHIA,Eunápolis,BA,Faculdade,Privada,www.unesulbahia.com.br,dawn.ns.cloudflare.com.,False,False,,True,True,True,TLSv1.3,False,v3,Cloudflare Inc ECC CA-3,sni.cloudflaressl.com,sha256,256,2022-05-19 00:00:00,2023-05-19 23:59:59,['COMMON_NAME_INVALID']
3609,FACULDADES INTEGRADAS IPITANGA (FACIIP),FACIIP,Lauro de Freitas,BA,Faculdade,Privada,www.faciip.com.br,ns127.hostgator.com.br.,False,False,,True,False,False,TLSv1.3,False,v3,R3,portaldaalma.com,sha256,2048,2022-04-22 17:45:16,2022-07-21 17:45:15,['COMMON_NAME_INVALID']
22104,Faculdades Integradas Padrão (FIP GUANAMBI),FIP GUANAMBI,Guanambi,BA,Faculdade,Privada,www.fip-gbi.edu.br,fiona.ns.cloudflare.com.,False,False,,True,False,False,TLSv1.3,True,v3,E1,*.fip-gbi.edu.br,sha384,256,2022-04-14 00:09:04,2022-07-13 00:09:03,[]
20605,Faculdades Sulamérica Bahia,-,Luís Eduardo Magalhães,BA,Faculdade,Privada,https://sulamericafaculdade.com.br/,ns1.agenciaellis.com.br.,False,False,,True,True,True,TLSv1.3,True,v3,"cPanel, Inc. Certification Authority",sulamericafaculdade.com.br,sha256,2048,2022-05-07 00:00:00,2022-08-05 23:59:59,[]
21226,FACULDADE SUDOESTE (FASU),FASU,Vitória da Conquista,BA,Faculdade,Privada,http://fasu.com.br/,nspro30.hostgator.com.br.,False,False,,True,False,False,TLSv1.3,True,v3,R3,*.fasu.com.br,sha256,2048,2022-04-20 00:54:11,2022-07-19 00:54:10,[]
12749,"FACULDADES UNIDAS DE PESQUISA, CIÊNCIAS E SAÚDE LTDA (FAPEC)",FAPEC,Jequié,BA,Faculdade,Privada,www.faculdadefapec.com.br,dns2.kinghost.com.br.,False,False,,False,False,False,,False,,,,,0,,,[]
3365,FACULDADE UNIBRAS DA BAHIA (FACBRAS),FACBRAS,Juazeiro,BA,Faculdade,Privada,faculdadeunibras.com.br/juazeiro,ns2.faculdadeunibras.com.br.,False,False,,False,False,False,,False,,,,,0,,,[]
17816,FACULDADE UNINASSAU FEIRA DE SANTANA,-,Feira de Santana,BA,Faculdade,Privada,www.mauriciodenassau.edu.br,dns3.mauriciodenassau.edu.br.,False,False,,True,False,False,TLSv1.3,False,v3,RapidSSL TLS DV RSA Mixed SHA256 2020 CA-1,*.mauriciodenassau.edu.br,sha256,2048,2021-03-02 00:00:00,2022-03-02 23:59:59,"['CERTIFICATE_EXPIRED', 'certificate has expired']"
